function,description,comment,example
firestore_scan,"Read a Firestore collection as a table: one row per document, with __document_id plus columns inferred from sampled documents. The path may name a nested collection ('users/u1/orders'), every collection with one name ('~orders', a collection-group query), or a document ('users/u1'), which lists that document's subcollection IDs instead. WHERE filters, ORDER BY ... LIMIT, the projection and COUNT(*) are pushed down to Firestore where possible. With API-key or Firebase-user auth, pass show_missing := false.",,"SELECT __document_id, name FROM firestore_scan('users', show_missing := false) WHERE status = 'active';"
firestore_array_append,"Append values to an array field of one Firestore document, keeping duplicates. The array is read and written back whole, so a concurrent write to the same field can be lost. Returns a one-row count.",,"CALL firestore_array_append('users', 'user123', 'events', ['login']);"
firestore_array_remove,"Remove every occurrence of the given values from an array field of one Firestore document (Firestore's arrayRemove transform). Returns a one-row count.",,"CALL firestore_array_remove('users', 'user123', 'tags', ['inactive']);"
firestore_array_union,"Add values to an array field of one Firestore document, skipping any the array already holds (Firestore's arrayUnion transform). Returns a one-row count.",,"CALL firestore_array_union('users', 'user123', 'tags', ['vip', 'active']);"
firestore_delete,"Delete one Firestore document by ID. Returns a one-row count.",,"CALL firestore_delete('users', 'user123');"
firestore_delete_batch,"Delete every Firestore document in a list of IDs, sent through batchWrite in groups of up to 500. Batches are not atomic: each delete succeeds or fails on its own. Returns a one-row count.",,"CALL firestore_delete_batch('users', ['user1', 'user2']);"
firestore_insert,"Insert one Firestore document per row of a subquery, with one field per column. document_id := names the column that supplies document IDs, which is then left out of the fields; without it Firestore generates the IDs. Returns the number of documents inserted.",,"CALL firestore_insert('users', (SELECT 'alice' AS id, 'Alice' AS name, 30 AS age), document_id := 'id');"
firestore_update,"Set fields on one Firestore document from the trailing field-name/value pairs, leaving its other fields as they are. Returns a one-row count.",,"CALL firestore_update('users', 'user123', 'status', 'verified', 'age', 31);"
firestore_update_batch,"Set the same field-name/value pairs on every Firestore document in a list of IDs, sent through batchWrite in groups of up to 500. Batches are not atomic: each write succeeds or fails on its own. Returns a one-row count.",,"CALL firestore_update_batch('users', ['user1', 'user2'], 'status', 'reviewed');"
firestore_clear_cache,"Forget every cached Firestore schema, so the next scan of each collection samples its documents again.",,"CALL firestore_clear_cache();"
firestore_clear_cache,"Forget the cached schema of one collection path (e.g. 'users', '~orders' or 'users/u1/orders'), so its next scan samples its documents again.",,"CALL firestore_clear_cache('users');"
firestore_connect,"Make a Firestore database ID the default for later calls in this session that pass no database := parameter. Fails if no firestore secret covers that database.",,"CALL firestore_connect('analytics-db');"
firestore_disconnect,"Clear the session's default database set by firestore_connect(), so later calls pick their database as they would without it.",,"CALL firestore_disconnect();"
